Дата,Затронутые страницы
2025-12-14,12
2025-12-15,19
2025-12-16,19
2025-12-17,19
2025-12-18,19
2025-12-19,19
2025-12-20,19
2025-12-21,19
2025-12-22,19
2025-12-23,26
2025-12-24,26
2025-12-25,26
2025-12-26,26
2025-12-27,26
2025-12-28,26
2025-12-29,26
2025-12-30,26
2025-12-31,26
2026-01-01,26
2026-01-02,26
2026-01-03,27
2026-01-04,27
2026-01-05,27
2026-01-06,33
2026-01-07,33
2026-01-08,33
2026-01-09,33
2026-01-10,36
2026-01-11,36
2026-01-12,36
2026-01-13,37
2026-01-14,37
2026-01-15,37
2026-01-16,37
2026-01-17,37
2026-01-18,37
2026-01-19,37
2026-01-20,37
2026-01-21,37
2026-01-22,37
2026-01-23,37
2026-01-24,38
2026-01-25,38
2026-01-26,38
2026-01-27,39
2026-01-28,39
2026-01-29,39
2026-01-30,39
2026-01-31,42
2026-02-01,42
2026-02-02,42
2026-02-03,46
2026-02-04,46
2026-02-05,46
2026-02-06,46
2026-02-07,51
2026-02-08,51
2026-02-09,51
2026-02-10,55
2026-02-11,55
2026-02-12,55
2026-02-13,55