{"current":{"logo":"shopify:\/\/shop_images\/IMG_7321_c12ec5d0-a364-45d5-a316-f962a5b96263.jpg","logo_height":100,"logo_height_mobile":100,"favicon":"shopify:\/\/shop_images\/Photoroom_20251207_225611.png","type_body_font":"work_sans_n4","type_subheading_font":"work_sans_n5","type_heading_font":"instrument_sans_n4","type_size_paragraph":"18","type_line_height_paragraph":"body-normal","type_font_h1":"heading","type_size_h1":"88","type_line_height_h1":"display-tight","type_letter_spacing_h1":"heading-normal","type_case_h1":"none","type_font_h2":"heading","type_letter_spacing_h2":"heading-normal","type_case_h2":"none","type_font_h3":"heading","type_line_height_h3":"heading-tight","type_letter_spacing_h3":"heading-tight","type_case_h3":"none","type_size_h5":"heading-xs","type_size_h6":"heading-xs","page_width":"normal","transition_to_main_product":false,"add_to_cart_animation":false,"badge_position":"top-left","badge_corner_radius":0,"badge_sale_color_scheme":"scheme-5","badge_sold_out_color_scheme":"scheme-1","badge_text_transform":"none","primary_button_border_width":0,"button_border_radius_primary":0,"secondary_button_border_width":1,"button_border_radius_secondary":0,"cart_type":"drawer","icon_stroke":"thin","input_border_width":1,"inputs_border_radius":8,"popover_border_radius":4,"popover_border":"none","currency_code_enabled_product_pages":true,"currency_code_enabled_product_cards":true,"currency_code_enabled_cart_items":false,"quick_add":false,"show_second_image_on_hover":false,"empty_state_collection":"featured-products-4","show_variant_image":false,"variant_swatch_width":24,"variant_swatch_height":24,"variant_swatch_radius":24,"variant_button_border_width":1,"variant_button_radius":0,"variant_button_width":"equal-width-buttons","content_for_index":[],"blocks":{"14060646107696862457":{"type":"shopify:\/\/apps\/judge-me-reviews\/blocks\/judgeme_core\/61ccd3b1-a9f2-4160-9fe9-4fec8413e5d8","disabled":false,"settings":{}},"4976129024724438625":{"type":"shopify:\/\/apps\/smart-seo\/blocks\/brokenLinkDetection\/7b0a6064-ca2e-4392-9a1d-8c43c942357b","disabled":false,"settings":{}},"1232542678405107163":{"type":"shopify:\/\/apps\/instafeed\/blocks\/head-block\/c447db20-095d-4a10-9725-b5977662c9d5","disabled":false,"settings":{}},"6406956604159796213":{"type":"shopify:\/\/apps\/smart-seo\/blocks\/smartseo\/7b0a6064-ca2e-4392-9a1d-8c43c942357b","disabled":false,"settings":{}}},"color_schemes":{"scheme-1":{"settings":{"background":"#ffffff","foreground_heading":"#000000","foreground":"#12080c","primary":"#000000","primary_hover":"#12080c","border":"#f4f0f2","shadow":"#000000","primary_button_background":"#000000","primary_button_text":"#f4f0f2","primary_button_border":"#595959","primary_button_hover_background":"#595959","primary_button_hover_text":"#f4f0f2","primary_button_hover_border":"#595959","secondary_button_background":"rgba(0,0,0,0)","secondary_button_text":"#12080c","secondary_button_border":"#12080c","secondary_button_hover_background":"#ffffff","secondary_button_hover_text":"#12080c","secondary_button_hover_border":"#ffffff","input_background":"#ffffff","input_text_color":"#000000","input_border_color":"#46202f","input_hover_background":"#f5f5f5","variant_background_color":"#ffffff","variant_text_color":"#000000","variant_border_color":"#e6e6e6","variant_hover_background_color":"#f5f5f5","variant_hover_text_color":"#000000","variant_hover_border_color":"#e6e6e6","selected_variant_background_color":"#000000","selected_variant_text_color":"#ffffff","selected_variant_border_color":"#000000","selected_variant_hover_background_color":"#1a1a1a","selected_variant_hover_text_color":"#ffffff","selected_variant_hover_border_color":"#1a1a1a"}},"scheme-2":{"settings":{"background":"#121212","foreground_heading":"#ffffff","foreground":"#f4f0f2","primary":"#dfd2d7","primary_hover":"#f4f0f2","border":"#12080c","shadow":"#000000","primary_button_background":"#dfd2d7","primary_button_text":"#12080c","primary_button_border":"#dfd2d7","primary_button_hover_background":"#d2adbb","primary_button_hover_text":"#12080c","primary_button_hover_border":"#d2adbb","secondary_button_background":"rgba(0,0,0,0)","secondary_button_text":"#f4f0f2","secondary_button_border":"#f4f0f2","secondary_button_hover_background":"#12080c","secondary_button_hover_text":"#f4f0f2","secondary_button_hover_border":"#12080c","input_background":"#333333","input_text_color":"#ffffff","input_border_color":"#dfd2d7","input_hover_background":"#f5f5f5","variant_background_color":"#ffffff","variant_text_color":"#000000","variant_border_color":"#e6e6e6","variant_hover_background_color":"#f5f5f5","variant_hover_text_color":"#000000","variant_hover_border_color":"#e6e6e6","selected_variant_background_color":"#000000","selected_variant_text_color":"#ffffff","selected_variant_border_color":"#000000","selected_variant_hover_background_color":"#1a1a1a","selected_variant_hover_text_color":"#ffffff","selected_variant_hover_border_color":"#1a1a1a"}},"scheme-3":{"settings":{"background":"#66384a","foreground_heading":"#000000","foreground":"#f4f0f2","primary":"#f3f2f2","primary_hover":"#e1e1e1","border":"#46202f","shadow":"#000000","primary_button_background":"#e1e1e1","primary_button_text":"#0d0d0d","primary_button_border":"#e1e1e1","primary_button_hover_background":"#bfbfbf","primary_button_hover_text":"#000000","primary_button_hover_border":"#bfbfbf","secondary_button_background":"rgba(0,0,0,0)","secondary_button_text":"#f4f0f2","secondary_button_border":"#f4f0f2","secondary_button_hover_background":"#e1e1e1","secondary_button_hover_text":"#0d0d0d","secondary_button_hover_border":"#e1e1e1","input_background":"#ffffff","input_text_color":"#f3f2f2","input_border_color":"#f3f2f2","input_hover_background":"#f5f5f5","variant_background_color":"#ffffff","variant_text_color":"#000000","variant_border_color":"#e6e6e6","variant_hover_background_color":"#f5f5f5","variant_hover_text_color":"#000000","variant_hover_border_color":"#e6e6e6","selected_variant_background_color":"#000000","selected_variant_text_color":"#ffffff","selected_variant_border_color":"#000000","selected_variant_hover_background_color":"#1a1a1a","selected_variant_hover_text_color":"#ffffff","selected_variant_hover_border_color":"#1a1a1a"}},"scheme-4":{"settings":{"background":"#e1e1e1","foreground_heading":"#ffffff","foreground":"#12080c","primary":"#12080c","primary_hover":"#0d0d0d","border":"#bfbfbf","shadow":"#000000","primary_button_background":"#66384a","primary_button_text":"#f4f0f2","primary_button_border":"#66384a","primary_button_hover_background":"#333333","primary_button_hover_text":"#ffffff","primary_button_hover_border":"#333333","secondary_button_background":"rgba(0,0,0,0)","secondary_button_text":"#0d0d0d","secondary_button_border":"#0d0d0d","secondary_button_hover_background":"#ffffff","secondary_button_hover_text":"#12080c","secondary_button_hover_border":"#ffffff","input_background":"#f7f7f7","input_text_color":"#000000","input_border_color":"#000000","input_hover_background":"#f5f5f5","variant_background_color":"#ffffff","variant_text_color":"#000000","variant_border_color":"#e6e6e6","variant_hover_background_color":"#f5f5f5","variant_hover_text_color":"#000000","variant_hover_border_color":"#e6e6e6","selected_variant_background_color":"#000000","selected_variant_text_color":"#ffffff","selected_variant_border_color":"#000000","selected_variant_hover_background_color":"#1a1a1a","selected_variant_hover_text_color":"#ffffff","selected_variant_hover_border_color":"#1a1a1a"}},"scheme-8e25adae-381a-4ef1-8c5d-175c40e6089d":{"settings":{"background":"#ffffff","foreground_heading":"#000000","foreground":"#12080c","primary":"#46202f","primary_hover":"#12080c","border":"#f4f0f2","shadow":"#000000","primary_button_background":"#46202f","primary_button_text":"#f4f0f2","primary_button_border":"#46202f","primary_button_hover_background":"#595959","primary_button_hover_text":"#f4f0f2","primary_button_hover_border":"#595959","secondary_button_background":"rgba(0,0,0,0)","secondary_button_text":"#12080c","secondary_button_border":"#12080c","secondary_button_hover_background":"#ffffff","secondary_button_hover_text":"#12080c","secondary_button_hover_border":"#ffffff","input_background":"#ffffff","input_text_color":"#000000","input_border_color":"#46202f","input_hover_background":"#f5f5f5","variant_background_color":"#ffffff","variant_text_color":"#000000","variant_border_color":"#e6e6e6","variant_hover_background_color":"#f5f5f5","variant_hover_text_color":"#000000","variant_hover_border_color":"#e6e6e6","selected_variant_background_color":"#000000","selected_variant_text_color":"#ffffff","selected_variant_border_color":"#000000","selected_variant_hover_background_color":"#1a1a1a","selected_variant_hover_text_color":"#ffffff","selected_variant_hover_border_color":"#1a1a1a"}},"scheme-85365856-c71d-4b81-9ded-4b3eb6782e7b":{"settings":{"background":"#d2adbb","foreground_heading":"#000000","foreground":"#12080c","primary":"#000000","primary_hover":"#12080c","border":"#f4f0f2","shadow":"#1a1a1a","primary_button_background":"#000000","primary_button_text":"#f4f0f2","primary_button_border":"#595959","primary_button_hover_background":"#595959","primary_button_hover_text":"#f4f0f2","primary_button_hover_border":"#595959","secondary_button_background":"rgba(0,0,0,0)","secondary_button_text":"#121212","secondary_button_border":"#12080c","secondary_button_hover_background":"#ffffff","secondary_button_hover_text":"#12080c","secondary_button_hover_border":"#ffffff","input_background":"#ffffff","input_text_color":"#000000","input_border_color":"#46202f","input_hover_background":"#f5f5f5","variant_background_color":"#ffffff","variant_text_color":"#000000","variant_border_color":"#e6e6e6","variant_hover_background_color":"#f5f5f5","variant_hover_text_color":"#000000","variant_hover_border_color":"#e6e6e6","selected_variant_background_color":"#000000","selected_variant_text_color":"#ffffff","selected_variant_border_color":"#000000","selected_variant_hover_background_color":"#1a1a1a","selected_variant_hover_text_color":"#ffffff","selected_variant_hover_border_color":"#1a1a1a"}}}},"presets":{"Horizon":{"color_schemes":{"scheme-1":{"settings":{"background":"#ffffff","foreground_heading":"#000000","foreground":"#000000cf","primary":"#000000cf","primary_hover":"#000000","border":"#0000000f","shadow":"#000000","primary_button_background":"#000000","primary_button_text":"#ffffff","primary_button_border":"#000000","primary_button_hover_background":"#333333","primary_button_hover_text":"#ffffff","primary_button_hover_border":"#000000","secondary_button_background":"rgba(0,0,0,0)","secondary_button_text":"#000000","secondary_button_border":"#000000","secondary_button_hover_background":"#fafafa","secondary_button_hover_text":"#333333","secondary_button_hover_border":"#333333","input_background":"#ffffffc7","input_text_color":"#333333","input_border_color":"#dfdfdf","input_hover_background":"#00000003","variant_background_color":"#ffffff","variant_text_color":"#000000","variant_border_color":"#00000021","variant_hover_background_color":"#f5f5f5","variant_hover_text_color":"#000000","variant_hover_border_color":"#e6e6e6","selected_variant_background_color":"#000000","selected_variant_text_color":"#ffffff","selected_variant_border_color":"#000000","selected_variant_hover_background_color":"#1a1a1a","selected_variant_hover_text_color":"#ffffff","selected_variant_hover_border_color":"#1a1a1a"}},"scheme-2":{"settings":{"background":"#f5f5f5","foreground_heading":"#000000","foreground":"#000000cf","primary":"#000000cf","primary_hover":"#ffffff","border":"#DFDFDF","shadow":"#000000","primary_button_background":"#000000","primary_button_text":"#ffffff","primary_button_border":"#000000","primary_button_hover_background":"#333333","primary_button_hover_text":"#ffffff","primary_button_hover_border":"#333333","secondary_button_background":"rgba(0,0,0,0)","secondary_button_text":"#000000","secondary_button_border":"#000000","secondary_button_hover_background":"#ffffff5c","secondary_button_hover_text":"#000000","secondary_button_hover_border":"#333333ba","input_background":"rgba(0,0,0,0)","input_text_color":"#00000087","input_border_color":"#00000021","input_hover_background":"#ffffff5c","variant_background_color":"#ffffff","variant_text_color":"#000000","variant_border_color":"#e6e6e6","variant_hover_background_color":"#f5f5f5","variant_hover_text_color":"#000000","variant_hover_border_color":"#e6e6e6","selected_variant_background_color":"#000000","selected_variant_text_color":"#ffffff","selected_variant_border_color":"#000000","selected_variant_hover_background_color":"#1a1a1a","selected_variant_hover_text_color":"#ffffff","selected_variant_hover_border_color":"#1a1a1a"}},"scheme-3":{"settings":{"background":"#eef1ea","foreground_heading":"#000000","foreground":"#000000cf","primary":"#000000cf","primary_hover":"#000000","border":"#000000cf","shadow":"#000000","primary_button_background":"#000000","primary_button_text":"#ffffff","primary_button_border":"#000000","primary_button_hover_background":"#333333","primary_button_hover_text":"#ffffff","primary_button_hover_border":"#333333","secondary_button_background":"rgba(0,0,0,0)","secondary_button_text":"#000000","secondary_button_border":"#000000","secondary_button_hover_background":"#ffffff5c","secondary_button_hover_text":"#000000cf","secondary_button_hover_border":"#000000cf","input_background":"rgba(0,0,0,0)","input_text_color":"#000000cf","input_border_color":"#000000cf","input_hover_background":"#ffffff5c","variant_background_color":"#ffffff","variant_text_color":"#000000","variant_border_color":"#e6e6e6","variant_hover_background_color":"#f5f5f5","variant_hover_text_color":"#000000","variant_hover_border_color":"#e6e6e6","selected_variant_background_color":"#000000","selected_variant_text_color":"#ffffff","selected_variant_border_color":"#000000","selected_variant_hover_background_color":"#1a1a1a","selected_variant_hover_text_color":"#ffffff","selected_variant_hover_border_color":"#1a1a1a"}},"scheme-4":{"settings":{"background":"#e1edf5","foreground_heading":"#000000","foreground":"#000000cf","primary":"#000000cf","primary_hover":"#000000","border":"#1d368680","shadow":"#000000","primary_button_background":"#000000","primary_button_text":"#ffffff","primary_button_border":"#1d3686","primary_button_hover_background":"#333333","primary_button_hover_text":"#ffffff","primary_button_hover_border":"#000000","secondary_button_background":"rgba(0,0,0,0)","secondary_button_text":"#000000","secondary_button_border":"#000000","secondary_button_hover_background":"#ffffff5c","secondary_button_hover_text":"#000000cf","secondary_button_hover_border":"#000000cf","input_background":"rgba(0,0,0,0)","input_text_color":"#000000cf","input_border_color":"#000000cf","input_hover_background":"#ffffff5c","variant_background_color":"#ffffff","variant_text_color":"#000000","variant_border_color":"#e6e6e6","variant_hover_background_color":"#f5f5f5","variant_hover_text_color":"#000000","variant_hover_border_color":"#e6e6e6","selected_variant_background_color":"#000000","selected_variant_text_color":"#ffffff","selected_variant_border_color":"#000000","selected_variant_hover_background_color":"#1a1a1a","selected_variant_hover_text_color":"#ffffff","selected_variant_hover_border_color":"#1a1a1a"}},"scheme-5":{"settings":{"background":"#333333","foreground_heading":"#ffffff","foreground":"#ffffff","primary":"#ffffff","primary_hover":"#ffffffb0","border":"#ffffffb0","shadow":"#000000","primary_button_background":"#ffffff","primary_button_text":"#000000","primary_button_border":"#ffffff","primary_button_hover_background":"#000000","primary_button_hover_text":"#ffffff","primary_button_hover_border":"#000000","secondary_button_background":"rgba(0,0,0,0)","secondary_button_text":"#ffffff","secondary_button_border":"#ffffffb0","secondary_button_hover_background":"#ffffff0a","secondary_button_hover_text":"#ffffffed","secondary_button_hover_border":"#ffffffb0","input_background":"#333333","input_text_color":"#ffffffed","input_border_color":"#ffffffb0","input_hover_background":"#ffffff0a","variant_background_color":"#ffffff","variant_text_color":"#000000","variant_border_color":"#e6e6e6","variant_hover_background_color":"#f5f5f5","variant_hover_text_color":"#000000","variant_hover_border_color":"#e6e6e6","selected_variant_background_color":"#000000","selected_variant_text_color":"#ffffff","selected_variant_border_color":"#000000","selected_variant_hover_background_color":"#1a1a1a","selected_variant_hover_text_color":"#ffffff","selected_variant_hover_border_color":"#1a1a1a"}},"scheme-6":{"settings":{"background":"rgba(0,0,0,0)","foreground_heading":"#ffffff","foreground":"#ffffff","primary":"#ffffff","primary_hover":"#ffffffb0","border":"#e6e6e6","shadow":"#000000","primary_button_background":"#ffffff","primary_button_text":"#000000","primary_button_border":"#ffffff","primary_button_hover_background":"#000000","primary_button_hover_text":"#ffffff","primary_button_hover_border":"#000000","secondary_button_background":"rgba(0,0,0,0)","secondary_button_text":"#ffffff","secondary_button_border":"#ffffff","secondary_button_hover_background":"#ffffff14","secondary_button_hover_text":"#ffffff","secondary_button_hover_border":"#ffffff","input_background":"#ffffff","input_text_color":"#00000087","input_border_color":"#00000021","input_hover_background":"#fafafa","variant_background_color":"#ffffff","variant_text_color":"#000000","variant_border_color":"#e6e6e6","variant_hover_background_color":"#f5f5f5","variant_hover_text_color":"#000000","variant_hover_border_color":"#e6e6e6","selected_variant_background_color":"#000000","selected_variant_text_color":"#ffffff","selected_variant_border_color":"#000000","selected_variant_hover_background_color":"#1a1a1a","selected_variant_hover_text_color":"#ffffff","selected_variant_hover_border_color":"#1a1a1a"}},"scheme-58084d4c-a86e-4d0a-855e-a0966e5043f7":{"settings":{"background":"rgba(0,0,0,0)","foreground_heading":"#000000","foreground":"#000000","primary":"#000000","primary_hover":"#00000087","border":"#e6e6e6","shadow":"#000000","primary_button_background":"#000000","primary_button_text":"#ffffff","primary_button_border":"#000000","primary_button_hover_background":"#333333","primary_button_hover_text":"#ffffff","primary_button_hover_border":"#333333","secondary_button_background":"rgba(0,0,0,0)","secondary_button_text":"#000000","secondary_button_border":"#000000","secondary_button_hover_background":"#fafafa","secondary_button_hover_text":"#333333","secondary_button_hover_border":"#333333","input_background":"#ffffff","input_text_color":"#00000087","input_border_color":"#00000021","input_hover_background":"#fafafa","variant_background_color":"#ffffff","variant_text_color":"#000000","variant_border_color":"#e6e6e6","variant_hover_background_color":"#f5f5f5","variant_hover_text_color":"#000000","variant_hover_border_color":"#e6e6e6","selected_variant_background_color":"#000000","selected_variant_text_color":"#ffffff","selected_variant_border_color":"#000000","selected_variant_hover_background_color":"#1a1a1a","selected_variant_hover_text_color":"#ffffff","selected_variant_hover_border_color":"#1a1a1a"}}}}}}