{"type":"footer","name":"Footer","sections":{"17633429485118f305":{"type":"_blocks","settings":{"content_direction":"column","vertical_on_mobile":true,"horizontal_alignment":"flex-start","vertical_alignment":"center","align_baseline":false,"horizontal_alignment_flex_direction_column":"flex-start","vertical_alignment_flex_direction_column":"center","gap":12,"section_width":"page-width","section_height":"","section_height_custom":50,"color_scheme":"","background_media":"none","video_position":"cover","background_image_position":"cover","border":"none","border_width":1,"border_opacity":100,"border_radius":0,"toggle_overlay":false,"overlay_color":"#00000026","overlay_style":"solid","gradient_direction":"to top","padding-block-start":0,"padding-block-end":0}},"section_beBRk7":{"type":"section","blocks":{"text_aFgFtk":{"type":"text","name":"t:names.text","settings":{"text":"<p><strong><br\/>5% OFF WHEN YOU CHOOSE 2+ JEWELRY PIECES<br\/>FREE GIFTS WITH 3+ ITEMS<br\/>PACKED WITH CARE. SHIPPED WITHIN 24 HOURS<\/strong><\/p>","width":"100%","max_width":"normal","alignment":"center","type_preset":"custom","font":"var(--font-accent--family)","font_size":"1rem","line_height":"tight","letter_spacing":"normal","case":"uppercase","wrap":"balance","color":"var(--color-foreground-heading)","background":false,"background_color":"#00000026","corner_radius":0,"padding-block-start":0,"padding-block-end":14,"padding-inline-start":0,"padding-inline-end":0},"blocks":{}},"group_Bz6TNR":{"type":"group","name":"t:names.group","settings":{"content_direction":"row","vertical_on_mobile":true,"horizontal_alignment":"flex-start","vertical_alignment":"center","align_baseline":false,"horizontal_alignment_flex_direction_column":"flex-start","vertical_alignment_flex_direction_column":"center","gap":12,"width":"fill","custom_width":100,"width_mobile":"fill","custom_width_mobile":100,"height":"fit","custom_height":100,"inherit_color_scheme":true,"color_scheme":"","background_media":"none","video_position":"cover","background_image_position":"cover","border":"none","border_width":1,"border_opacity":100,"border_radius":0,"toggle_overlay":false,"overlay_color":"#00000026","overlay_style":"solid","gradient_direction":"to top","link":"","open_in_new_tab":true,"placeholder":"","padding-block-start":0,"padding-block-end":0,"padding-inline-start":0,"padding-inline-end":0},"blocks":{"group_78zyhN":{"type":"group","name":"t:names.group","settings":{"content_direction":"row","vertical_on_mobile":true,"horizontal_alignment":"flex-start","vertical_alignment":"center","align_baseline":false,"horizontal_alignment_flex_direction_column":"flex-start","vertical_alignment_flex_direction_column":"center","gap":12,"width":"fill","custom_width":100,"width_mobile":"fill","custom_width_mobile":100,"height":"fit","custom_height":100,"inherit_color_scheme":true,"color_scheme":"","background_media":"none","video_position":"cover","background_image_position":"cover","border":"none","border_width":1,"border_opacity":100,"border_radius":0,"toggle_overlay":false,"overlay_color":"#00000026","overlay_style":"solid","gradient_direction":"to top","link":"","open_in_new_tab":false,"placeholder":"","padding-block-start":0,"padding-block-end":0,"padding-inline-start":0,"padding-inline-end":0},"blocks":{"group_Gjkzne":{"type":"group","name":"t:names.group","settings":{"content_direction":"column","vertical_on_mobile":true,"horizontal_alignment":"flex-start","vertical_alignment":"center","align_baseline":false,"horizontal_alignment_flex_direction_column":"flex-start","vertical_alignment_flex_direction_column":"center","gap":2,"width":"fill","custom_width":100,"width_mobile":"fill","custom_width_mobile":100,"height":"fit","custom_height":100,"inherit_color_scheme":true,"color_scheme":"","background_media":"none","video_position":"cover","background_image_position":"cover","border":"none","border_width":1,"border_opacity":100,"border_radius":0,"toggle_overlay":false,"overlay_color":"#00000026","overlay_style":"solid","gradient_direction":"to top","link":"shopify:\/\/pages\/contact-omon-jewelry","open_in_new_tab":true,"placeholder":"","padding-block-start":0,"padding-block-end":0,"padding-inline-start":0,"padding-inline-end":0},"blocks":{"menu_cD8t6q":{"type":"menu","name":"t:names.menu","settings":{"menu":"footer","heading":"","menu_spacing":7,"show_as_accordion":false,"accordion_icon":"caret","accordion_dividers":false,"inherit_color_scheme":true,"color_scheme":"","heading_preset":"h3","link_preset":"paragraph","padding-block-start":0,"padding-block-end":0,"padding-inline-start":0,"padding-inline-end":0},"blocks":{}}},"block_order":["menu_cD8t6q"]},"group_djNLzN":{"type":"group","name":"t:names.group","settings":{"content_direction":"column","vertical_on_mobile":true,"horizontal_alignment":"flex-start","vertical_alignment":"center","align_baseline":false,"horizontal_alignment_flex_direction_column":"flex-start","vertical_alignment_flex_direction_column":"center","gap":8,"width":"fill","custom_width":100,"width_mobile":"fill","custom_width_mobile":100,"height":"fit","custom_height":100,"inherit_color_scheme":true,"color_scheme":"","background_media":"none","video_position":"cover","background_image_position":"cover","border":"none","border_width":1,"border_opacity":100,"border_radius":0,"toggle_overlay":false,"overlay_color":"#00000026","overlay_style":"solid","gradient_direction":"to top","link":"","open_in_new_tab":true,"placeholder":"","padding-block-start":0,"padding-block-end":0,"padding-inline-start":0,"padding-inline-end":0},"blocks":{"button_YAWD6B":{"type":"button","name":"t:names.button","settings":{"label":"About OMŌN","link":"shopify:\/\/pages\/about-omon","open_in_new_tab":false,"style_class":"link","width":"fit-content","custom_width":100,"width_mobile":"fit-content","custom_width_mobile":100},"blocks":{}},"menu_9RQbU6":{"type":"menu","name":"t:names.menu","disabled":true,"settings":{"menu":"footer","heading":"","menu_spacing":13,"show_as_accordion":false,"accordion_icon":"caret","accordion_dividers":false,"inherit_color_scheme":true,"color_scheme":"","heading_preset":"h3","link_preset":"paragraph","padding-block-start":0,"padding-block-end":0,"padding-inline-start":0,"padding-inline-end":0},"blocks":{}}},"block_order":["button_YAWD6B","menu_9RQbU6"]}},"block_order":["group_Gjkzne","group_djNLzN"]},"group_mrT86p":{"type":"group","name":"t:names.group","settings":{"content_direction":"column","vertical_on_mobile":true,"horizontal_alignment":"flex-start","vertical_alignment":"center","align_baseline":false,"horizontal_alignment_flex_direction_column":"flex-start","vertical_alignment_flex_direction_column":"center","gap":12,"width":"fill","custom_width":100,"width_mobile":"fill","custom_width_mobile":100,"height":"fit","custom_height":100,"inherit_color_scheme":true,"color_scheme":"","background_media":"none","video_position":"cover","background_image_position":"cover","border":"none","border_width":1,"border_opacity":100,"border_radius":0,"toggle_overlay":false,"overlay_color":"#00000026","overlay_style":"solid","gradient_direction":"to top","link":"","open_in_new_tab":true,"placeholder":"","padding-block-start":0,"padding-block-end":0,"padding-inline-start":0,"padding-inline-end":0},"blocks":{"text_KW9HpT":{"type":"text","name":"t:names.heading","settings":{"text":"<h2>Stay in touch with OMŌN<\/h2><h2><\/h2>","width":"fit-content","max_width":"normal","alignment":"left","type_preset":"custom","font":"var(--font-accent--family)","font_size":"1rem","line_height":"normal","letter_spacing":"normal","case":"none","wrap":"pretty","color":"var(--color-foreground)","background":false,"background_color":"#00000026","corner_radius":0,"padding-block-start":0,"padding-block-end":0,"padding-inline-start":0,"padding-inline-end":0},"blocks":{}},"email_signup_dt8JXM":{"type":"email-signup","name":"t:names.email_signup","settings":{"width":"custom","custom_width":100,"inherit_color_scheme":true,"color_scheme":"","heading":"","heading_preset":"h3","border_style":"all","border_width":1,"border_radius":0,"input_type_preset":"paragraph","style_class":"button","display_type":"text","label":"Join OMŌN","integrated_button":false,"button_type_preset":"paragraph","padding-block-start":0,"padding-block-end":0,"padding-inline-start":0,"padding-inline-end":0},"blocks":{}}},"block_order":["text_KW9HpT","email_signup_dt8JXM"]}},"block_order":["group_78zyhN","group_mrT86p"]}},"block_order":["text_aFgFtk","group_Bz6TNR"],"name":"t:names.custom_section","settings":{"content_direction":"column","vertical_on_mobile":true,"horizontal_alignment":"flex-start","vertical_alignment":"center","align_baseline":false,"horizontal_alignment_flex_direction_column":"flex-start","vertical_alignment_flex_direction_column":"center","gap":32,"section_width":"page-width","section_height":"","section_height_custom":50,"color_scheme":"scheme-1","background_media":"none","video_position":"cover","background_image_position":"cover","border":"none","border_width":1,"border_opacity":100,"border_radius":0,"toggle_overlay":false,"overlay_color":"#00000026","overlay_style":"solid","gradient_direction":"to top","padding-block-start":38,"padding-block-end":3}},"section_H6C7eR":{"type":"section","blocks":{"group_RJqrwj":{"type":"group","name":"t:names.group","settings":{"content_direction":"column","vertical_on_mobile":true,"horizontal_alignment":"flex-start","vertical_alignment":"center","align_baseline":false,"horizontal_alignment_flex_direction_column":"flex-start","vertical_alignment_flex_direction_column":"center","gap":12,"width":"fill","custom_width":100,"width_mobile":"fill","custom_width_mobile":100,"height":"fit","custom_height":100,"inherit_color_scheme":true,"color_scheme":"","background_media":"none","video_position":"cover","background_image_position":"cover","border":"none","border_width":1,"border_opacity":100,"border_radius":0,"toggle_overlay":false,"overlay_color":"#00000026","overlay_style":"solid","gradient_direction":"to top","link":"","open_in_new_tab":false,"placeholder":"","padding-block-start":0,"padding-block-end":0,"padding-inline-start":0,"padding-inline-end":0},"blocks":{}},"group_qKfdWX":{"type":"group","name":"t:names.group","settings":{"content_direction":"column","vertical_on_mobile":true,"horizontal_alignment":"flex-start","vertical_alignment":"center","align_baseline":false,"horizontal_alignment_flex_direction_column":"flex-start","vertical_alignment_flex_direction_column":"center","gap":12,"width":"fill","custom_width":100,"width_mobile":"fill","custom_width_mobile":100,"height":"fit","custom_height":100,"inherit_color_scheme":true,"color_scheme":"","background_media":"none","video_position":"cover","background_image_position":"cover","border":"none","border_width":1,"border_opacity":100,"border_radius":0,"toggle_overlay":false,"overlay_color":"#00000026","overlay_style":"solid","gradient_direction":"to top","link":"","open_in_new_tab":true,"placeholder":"","padding-block-start":0,"padding-block-end":0,"padding-inline-start":0,"padding-inline-end":0},"blocks":{"text_9Vj4En":{"type":"text","name":"t:names.text","settings":{"text":"<h4>Follow us on Instagram or TikTok and get <strong>5% <\/strong>off your first order<\/h4>","width":"100%","max_width":"none","alignment":"center","type_preset":"custom","font":"var(--font-accent--family)","font_size":"1rem","line_height":"loose","letter_spacing":"normal","case":"none","wrap":"pretty","color":"var(--color-foreground)","background":false,"background_color":"#00000026","corner_radius":0,"padding-block-start":0,"padding-block-end":0,"padding-inline-start":0,"padding-inline-end":0},"blocks":{}}},"block_order":["text_9Vj4En"]}},"block_order":["group_RJqrwj","group_qKfdWX"],"name":"t:names.custom_section","settings":{"content_direction":"column","vertical_on_mobile":true,"horizontal_alignment":"flex-start","vertical_alignment":"center","align_baseline":false,"horizontal_alignment_flex_direction_column":"center","vertical_alignment_flex_direction_column":"flex-start","gap":0,"section_width":"page-width","section_height":"","section_height_custom":50,"color_scheme":"","background_media":"none","video_position":"cover","background_image_position":"cover","border":"none","border_width":1,"border_opacity":100,"border_radius":0,"toggle_overlay":false,"overlay_color":"#00000026","overlay_style":"solid","gradient_direction":"to top","padding-block-start":16,"padding-block-end":0}},"footer_utilities":{"type":"footer-utilities","blocks":{"block_3e891fb36c52":{"type":"footer-copyright","settings":{"show_powered_by":false,"font_size":"0.75rem","case":"none"},"blocks":{}},"block_cb4e91a35ec7":{"type":"footer-policy-list","disabled":true,"settings":{"font_size":"0.75rem","case":"none"},"blocks":{}},"block_ce9b3922bd5f":{"type":"social-links","settings":{"facebook_url":"https:\/\/www.facebook.com\/profile.php?id=61582455219888&mibextid=wwXIfr&rdid=McHLdjEhnspPvx9l&share_url=https%3A%2F%2Fwww.facebook.com%2Fshare%2F1BcjJ4Te4Q%2F%3Fmibextid%3DwwXIfr#","instagram_url":"https:\/\/www.instagram.com\/omon.jewelry\/?igsh=Mml0d3B2ZW53eTZq&utm_source=qr#","youtube_url":"https:\/\/www.youtube.com\/@OmonJewelry","tiktok_url":"https:\/\/www.tiktok.com\/@omon.jewelry?_r=1&_t=ZS-91SmwBnWoXH","twitter_url":"","threads_url":"https:\/\/www.threads.com\/@omon.jewelry?invite=0","linkedin_url":"","bluesky_url":"","snapchat_url":"","pinterest_url":"https:\/\/ca.pinterest.com\/omonjewelry\/?invite_code=7e1f1f73ad5645f3bcab526d67b605f3&sender=982558981111469429","tumblr_url":"","vimeo_url":"","custom_url":""},"blocks":{}}},"block_order":["block_3e891fb36c52","block_cb4e91a35ec7","block_ce9b3922bd5f"],"settings":{"section_width":"page-width","gap":24,"divider_thickness":1,"color_scheme":"","padding-block-start":20,"padding-block-end":20}}},"order":["17633429485118f305","section_beBRk7","section_H6C7eR","footer_utilities"]}