{"type":"header","name":"Header","sections":{"header_announcements_mFqCwd":{"type":"header-announcements","blocks":{"announcement_akXDk4":{"type":"_announcement","name":"t:names.announcement","settings":{"text":"<strong>Free shipping CANADA & USA<\/strong>","link":"","font":"var(--font-accent--family)","font_size":"1.125rem","weight":"700","letter_spacing":"normal","case":"uppercase"},"blocks":{}},"announcement_TDfbMX":{"type":"_announcement","name":"t:names.announcement","settings":{"text":"<strong> 5% off on 2 or more pieces <\/strong>","link":"","font":"var(--font-accent--family)","font_size":"1.125rem","weight":"700","letter_spacing":"normal","case":"uppercase"},"blocks":{}},"announcement_VWEnyy":{"type":"_announcement","settings":{"text":"<strong>Free Gift with 3+ items<\/strong>","link":"","font":"var(--font-accent--family)","font_size":"1.125rem","weight":"700","letter_spacing":"normal","case":"uppercase"},"blocks":{}}},"block_order":["announcement_akXDk4","announcement_TDfbMX","announcement_VWEnyy"],"custom_css":[],"name":"t:names.announcement_bar","settings":{"speed":2,"section_width":"full-width","color_scheme":"scheme-85365856-c71d-4b81-9ded-4b3eb6782e7b","divider_width":1,"padding-block-start":30,"padding-block-end":30}},"header_section":{"type":"header","blocks":{"header-logo":{"type":"_header-logo","static":true,"settings":{"hide_logo_on_home_page":false,"padding-block-start":0,"padding-block-end":0,"padding-inline-start":94,"padding-inline-end":100},"blocks":{}},"header-menu":{"type":"_header-menu","static":true,"settings":{"menu":"main-menu","color_scheme":"","type_font_primary_size":"var(--font-size--body-md)","menu_font_style":"inverse","type_font_primary_link":"accent","type_case_primary_link":"none","menu_style":"featured_products","featured_products_aspect_ratio":"4 \/ 5","featured_collections_aspect_ratio":"16 \/ 9","image_border_radius":0,"navigation_bar":false,"color_scheme_navigation_bar":"","drawer_accordion":false,"drawer_accordion_expand_first":false,"drawer_dividers":false},"blocks":{}}},"custom_css":[],"settings":{"logo_position":"left","menu_position":"right","menu_row":"bottom","show_search":true,"search_position":"right","search_row":"top","show_country":true,"country_selector_style":false,"show_language":true,"localization_font":"body","localization_font_size":"0.625rem","localization_position":"left","localization_row":"top","section_width":"page-width","section_height":"standard","enable_sticky_header":"always","divider_width":0,"divider_size":"page-width","border_width":0,"color_scheme_top":"scheme-1","color_scheme_bottom":"","color_scheme_transparent":"scheme-6","enable_transparent_header_home":false,"home_color_scheme":"default","enable_transparent_header_product":false,"product_color_scheme":"default","enable_transparent_header_collection":false,"collection_color_scheme":"default"}}},"order":["header_announcements_mFqCwd","header_section"]}