{"sections":{"section":{"type":"section","blocks":{"video_xXQp4U":{"type":"video","name":"t:names.video","settings":{"source":"uploaded","video":"shopify:\/\/files\/videos\/higgsfield-68c660d8-ba73-4a1e-9ecb-a6de14c81a10.mov","video_autoplay":true,"video_loop":false,"alt":"","custom_width":49,"custom_width_mobile":100,"aspect_ratio":"auto","border":"solid","border_width":0,"border_opacity":100,"border_radius":14,"padding-block-start":0,"padding-block-end":0,"padding-inline-start":0,"padding-inline-end":0},"blocks":{}},"text_4KFDhQ":{"type":"text","name":"t:names.text","settings":{"text":"<h2><strong>Small Canadian jewelry business — silver, stainless steel and 18K gold-plated pieces<\/strong><\/h2><p><\/p><p><br\/><\/p>","width":"100%","max_width":"narrow","alignment":"center","type_preset":"custom","font":"var(--font-accent--family)","font_size":"0.875rem","line_height":"tight","letter_spacing":"tight","case":"uppercase","wrap":"balance","color":"var(--color-foreground)","background":false,"background_color":"#00000026","corner_radius":0,"padding-block-start":0,"padding-block-end":0,"padding-inline-start":0,"padding-inline-end":0},"blocks":{}},"text_twGGkJ":{"type":"text","name":"Description","disabled":true,"settings":{"text":"{{ closest.collection.description }}","width":"100%","max_width":"narrow","alignment":"left","type_preset":"rte","font":"var(--font-primary--family)","font_size":"","line_height":"normal","letter_spacing":"normal","case":"none","wrap":"pretty","color":"","background":false,"background_color":"#00000026","corner_radius":0,"padding-block-start":0,"padding-block-end":0,"padding-inline-start":0,"padding-inline-end":0},"blocks":{}}},"block_order":["video_xXQp4U","text_4KFDhQ","text_twGGkJ"],"name":"Collection heading","settings":{"content_direction":"row","vertical_on_mobile":true,"horizontal_alignment":"center","vertical_alignment":"center","align_baseline":true,"horizontal_alignment_flex_direction_column":"flex-end","vertical_alignment_flex_direction_column":"flex-start","gap":54,"section_width":"page-width","section_height":"","section_height_custom":50,"color_scheme":"scheme-1","background_media":"none","video_position":"cover","background_image_position":"cover","border":"none","border_width":1,"border_opacity":100,"border_radius":15,"toggle_overlay":false,"overlay_color":"#00000026","overlay_style":"solid","gradient_direction":"to top","padding-block-start":0,"padding-block-end":0}},"main":{"type":"main-collection","blocks":{"filters":{"type":"filters","static":true,"settings":{"enable_filtering":true,"filter_style":"horizontal","filter_width":"centered","text_label_case":"default","show_swatch_label":false,"show_filter_label":false,"enable_sorting":true,"enable_grid_density":true,"inherit_color_scheme":true,"color_scheme":"","padding-block-start":0,"padding-block-end":1,"padding-inline-start":23,"padding-inline-end":15,"facets_margin_bottom":15,"facets_margin_right":20},"blocks":{}},"product-card":{"type":"_product-card","static":true,"settings":{"product_card_gap":0,"inherit_color_scheme":true,"color_scheme":"","border":"none","border_width":0,"border_opacity":100,"border_radius":0,"padding-block-start":0,"padding-block-end":0,"padding-inline-start":0,"padding-inline-end":0},"blocks":{"buy_buttons_nhh9T3":{"type":"buy-buttons","name":"t:names.product_buy_buttons","settings":{"stacking":false,"show_pickup_availability":false,"gift_card_form":true,"padding-block-start":0,"padding-block-end":0,"padding-inline-start":0,"padding-inline-end":0},"blocks":{"quantity":{"type":"quantity","disabled":true,"static":true,"settings":{},"blocks":{}},"add-to-cart":{"type":"add-to-cart","disabled":true,"static":true,"settings":{"style_class":"button-secondary"},"blocks":{}},"accelerated-checkout":{"type":"accelerated-checkout","disabled":true,"static":true,"settings":{},"blocks":{}}},"block_order":[]},"product_card_gallery_yGmFP9":{"type":"_product-card-gallery","name":"t:names.product_card_media","settings":{"image_ratio":"square","border":"solid","border_width":0,"border_opacity":100,"border_radius":0,"padding-block-start":10,"padding-block-end":3,"padding-inline-start":0,"padding-inline-end":0},"blocks":{}},"product_title_4nY4eT":{"type":"product-title","name":"t:names.product_title","settings":{"width":"100%","max_width":"normal","alignment":"center","type_preset":"custom","font":"var(--font-accent--family)","font_size":"0.875rem","line_height":"tight","letter_spacing":"normal","case":"none","wrap":"balance","color":"var(--color-foreground)","background":false,"background_color":"#00000026","corner_radius":0,"padding-block-start":0,"padding-block-end":0,"padding-inline-start":0,"padding-inline-end":0},"blocks":{}},"price_e7Nwia":{"type":"price","name":"t:names.product_price","settings":{"show_sale_price_first":true,"show_installments":false,"show_tax_info":false,"type_preset":"custom","width":"100%","alignment":"center","font":"var(--font-accent--family)","font_size":"0.875rem","line_height":"normal","letter_spacing":"normal","case":"none","color":"var(--color-foreground)","padding-block-start":8,"padding-block-end":0,"padding-inline-start":0,"padding-inline-end":0},"blocks":{}},"swatches_PE76di":{"type":"swatches","name":"t:names.swatches","settings":{"product_swatches_alignment":"flex-end","product_swatches_alignment_mobile":"flex-end","hide_padding":false,"product_swatches_padding_top":0,"product_swatches_padding_bottom":0,"product_swatches_padding_left":0,"product_swatches_padding_right":0},"blocks":{}}},"block_order":["buy_buttons_nhh9T3","product_card_gallery_yGmFP9","product_title_4nY4eT","price_e7Nwia","swatches_PE76di"]}},"settings":{"layout_type":"grid","product_card_size":"small","mobile_product_card_size":"small","enable_infinite_scroll":true,"products_per_page":24,"product_grid_width":"centered","full_width_on_mobile":false,"columns_gap_horizontal":17,"columns_gap_vertical":22,"padding-inline-start":0,"padding-inline-end":0,"color_scheme":"scheme-1","padding-block-start":3,"padding-block-end":26}},"176772308137373996":{"type":"_blocks","blocks":{"instafeed_app_block_cMCpWB":{"type":"shopify:\/\/apps\/instafeed\/blocks\/app-block\/c447db20-095d-4a10-9725-b5977662c9d5","settings":{"title":"Instagram","title_color":"","title_size_v2":20,"alignment":"center","instafeed_margin_top":0,"instafeed_margin_bottom":0,"instafeed_margin_sides":0,"show_instagram_link":false,"link_alignment":"left","link_color":"#000000","background_color":"","feed_id":"","html_area":""}}},"block_order":["instafeed_app_block_cMCpWB"],"settings":{"content_direction":"column","vertical_on_mobile":true,"horizontal_alignment":"flex-start","vertical_alignment":"center","align_baseline":false,"horizontal_alignment_flex_direction_column":"flex-start","vertical_alignment_flex_direction_column":"center","gap":12,"section_width":"page-width","section_height":"","section_height_custom":50,"color_scheme":"","background_media":"none","video_position":"cover","background_image_position":"cover","border":"none","border_width":1,"border_opacity":100,"border_radius":0,"toggle_overlay":false,"overlay_color":"#00000026","overlay_style":"solid","gradient_direction":"to top","padding-block-start":0,"padding-block-end":0}}},"order":["section","main","176772308137373996"]}