{"sections":{"media_with_content_RVymQU":{"type":"media-with-content","blocks":{"media":{"type":"_media-without-appearance","static":true,"settings":{"media_type":"image","image":"shopify:\/\/shop_images\/jewelry-minimal-5.jpg","link":"shopify:\/\/collections\/minimalist-jewelry","video":"shopify:\/\/files\/videos\/higgsfield-68c660d8-ba73-4a1e-9ecb-a6de14c81a10.mov","video_loop":false,"video_autoplay":true,"image_position":"cover","video_position":"cover"},"blocks":{}},"content":{"type":"_content-without-appearance","static":true,"settings":{"horizontal_alignment_flex_direction_column":"flex-end","vertical_alignment_flex_direction_column":"space-between","gap":100},"blocks":{"text_H46yFc":{"type":"text","name":"t:names.heading","settings":{"text":"<h1><strong>Refined jewelry for everyday luxury<\/strong><\/h1>","width":"100%","max_width":"normal","alignment":"center","type_preset":"custom","font":"var(--font-accent--family)","font_size":"1.25rem","line_height":"normal","letter_spacing":"tight","case":"none","wrap":"pretty","color":"var(--color-foreground-heading)","background":false,"background_color":"#00000026","corner_radius":0,"padding-block-start":90,"padding-block-end":0,"padding-inline-start":0,"padding-inline-end":0},"blocks":{}},"button_PrCpW3":{"type":"button","name":"t:names.button","settings":{"label":"Shop now","link":"shopify:\/\/collections\/minimalist-jewelry","open_in_new_tab":false,"style_class":"button","width":"custom","custom_width":100,"width_mobile":"custom","custom_width_mobile":100},"blocks":{}}},"block_order":["text_H46yFc","button_PrCpW3"]}},"custom_css":[],"name":"t:names.editorial","settings":{"media_position":"right","media_width":"wide","media_height":"auto","section_width":"full-width","extend_media":false,"color_scheme":"scheme-1","padding-block-start":11,"padding-block-end":18}},"product_list_cVwYHp":{"type":"product-list","blocks":{"static-header":{"type":"_product-list-content","name":"t:names.header","disabled":true,"static":true,"settings":{"content_direction":"row","vertical_on_mobile":false,"horizontal_alignment":"center","vertical_alignment":"center","align_baseline":true,"horizontal_alignment_flex_direction_column":"flex-start","vertical_alignment_flex_direction_column":"center","gap":12,"width":"fill","custom_width":100,"width_mobile":"fill","custom_width_mobile":100,"height":"fit","custom_height":100,"inherit_color_scheme":true,"color_scheme":"","background_media":"none","video_position":"cover","background_image_position":"cover","border":"none","border_width":1,"border_opacity":100,"border_radius":0,"padding-block-start":0,"padding-block-end":0,"padding-inline-start":0,"padding-inline-end":0},"blocks":{"product_list_text_kH9nB6":{"type":"_product-list-text","name":"t:names.collection_title","settings":{"text":"<h3>Featured products<\/h3>","width":"fit-content","max_width":"normal","alignment":"left","type_preset":"rte","font":"var(--font-body--family)","font_size":"","line_height":"normal","letter_spacing":"normal","case":"none","wrap":"pretty","color":"","background":false,"background_color":"#00000026","corner_radius":0,"padding-block-start":0,"padding-block-end":0,"padding-inline-start":0,"padding-inline-end":0},"blocks":{}}},"block_order":["product_list_text_kH9nB6"]},"static-product-card":{"type":"_product-card","name":"t:names.product_card","static":true,"settings":{"product_card_gap":7,"inherit_color_scheme":true,"color_scheme":"","border":"none","border_width":1,"border_opacity":100,"border_radius":0,"padding-block-start":0,"padding-block-end":0,"padding-inline-start":0,"padding-inline-end":0},"blocks":{"product_card_gallery_mWAEcW":{"type":"_product-card-gallery","name":"t:names.product_card_media","settings":{"image_ratio":"square","border":"none","border_width":1,"border_opacity":100,"border_radius":0,"padding-block-start":0,"padding-block-end":0,"padding-inline-start":0,"padding-inline-end":0},"blocks":{}},"product_card_group_wgRVEU":{"type":"_product-card-group","name":"t:names.group","settings":{"content_direction":"column","vertical_on_mobile":true,"horizontal_alignment":"flex-start","vertical_alignment":"center","align_baseline":false,"horizontal_alignment_flex_direction_column":"flex-start","vertical_alignment_flex_direction_column":"center","gap":0,"width":"fill","custom_width":100,"width_mobile":"fill","custom_width_mobile":100,"height":"fit","custom_height":100,"inherit_color_scheme":true,"color_scheme":"","background_media":"none","video_position":"cover","background_image_position":"cover","border":"none","border_width":1,"border_opacity":100,"border_radius":0,"toggle_overlay":false,"overlay_color":"#00000026","overlay_style":"solid","gradient_direction":"to top","link":"","open_in_new_tab":false,"padding-block-start":0,"padding-block-end":0,"padding-inline-start":0,"padding-inline-end":0},"blocks":{"text_dmkeq4":{"type":"text","name":"t:names.text","settings":{"text":"<h4>{{ closest.product.title }}<\/h4>","width":"100%","max_width":"normal","alignment":"center","type_preset":"custom","font":"var(--font-accent--family)","font_size":"0.875rem","line_height":"normal","letter_spacing":"normal","case":"none","wrap":"pretty","color":"","background":false,"background_color":"#00000026","corner_radius":0,"padding-block-start":0,"padding-block-end":0,"padding-inline-start":0,"padding-inline-end":0},"blocks":{}},"price_ekrU9e":{"type":"price","name":"t:names.product_price","settings":{"show_sale_price_first":true,"show_installments":false,"show_tax_info":false,"type_preset":"custom","width":"100%","alignment":"center","font":"var(--font-accent--family)","font_size":"1rem","line_height":"normal","letter_spacing":"normal","case":"none","color":"var(--color-foreground)","padding-block-start":0,"padding-block-end":0,"padding-inline-start":0,"padding-inline-end":0},"blocks":{}},"swatches_GUMtaN":{"type":"swatches","name":"t:names.swatches","settings":{"product_swatches_alignment":"flex-start","product_swatches_alignment_mobile":"flex-start","hide_padding":false,"product_swatches_padding_top":9,"product_swatches_padding_bottom":0,"product_swatches_padding_left":0,"product_swatches_padding_right":0},"blocks":{}}},"block_order":["text_dmkeq4","price_ekrU9e","swatches_GUMtaN"]}},"block_order":["product_card_gallery_mWAEcW","product_card_group_wgRVEU"]}},"custom_css":[],"name":"t:names.products_grid","settings":{"collection":"stainless-steel-jewelry","layout_type":"grid","carousel_on_mobile":false,"max_products":16,"columns":6,"mobile_columns":"2","mobile_card_size":"60cqw","columns_gap":51,"rows_gap":9,"icons_style":"arrow","icons_shape":"none","section_width":"page-width","horizontal_alignment":"flex-start","gap":0,"color_scheme":"scheme-1","padding-block-start":0,"padding-block-end":20}},"section_x8mrnx":{"type":"section","blocks":{"logo_bQceBH":{"type":"logo","name":"t:names.logo","disabled":true,"settings":{"inverse":false,"font":"heading","unit":"percent","percent_width":50,"pixel_height":48,"custom_mobile_size":false,"unit_mobile":"percent","percent_width_mobile":100,"pixel_height_mobile":120,"padding-block-start":0,"padding-block-end":0,"padding-inline-start":0,"padding-inline-end":0},"blocks":{}},"image_xBfQpr":{"type":"image","name":"t:names.image","settings":{"image":"shopify:\/\/shop_images\/jewelry-minimal-3.jpg","link":"","image_ratio":"adapt","width":"custom","custom_width":37,"width_mobile":"fill","custom_width_mobile":100,"height":"fit","border":"none","border_width":1,"border_opacity":100,"border_radius":0,"padding-block-start":0,"padding-block-end":0,"padding-inline-start":0,"padding-inline-end":0},"blocks":{}},"text_eFMntb":{"type":"text","settings":{"text":"<p><strong>At OMŌN, we believe in the transformative power of understated beauty.<\/strong><\/p>","width":"100%","max_width":"narrow","alignment":"center","type_preset":"custom","font":"var(--font-accent--family)","font_size":"1.5rem","line_height":"normal","letter_spacing":"loose","case":"none","wrap":"balance","color":"var(--color-foreground)","background":false,"background_color":"#00000026","corner_radius":0,"padding-block-start":0,"padding-block-end":0,"padding-inline-start":0,"padding-inline-end":0},"blocks":{}},"button_TmU98M":{"type":"button","settings":{"label":"Shop now →","link":"shopify:\/\/collections\/all","open_in_new_tab":false,"style_class":"link","width":"fit-content","custom_width":100,"width_mobile":"fit-content","custom_width_mobile":100},"blocks":{}}},"block_order":["logo_bQceBH","image_xBfQpr","text_eFMntb","button_TmU98M"],"name":"t:names.pull_quote","settings":{"content_direction":"column","vertical_on_mobile":true,"horizontal_alignment":"center","vertical_alignment":"center","align_baseline":false,"horizontal_alignment_flex_direction_column":"center","vertical_alignment_flex_direction_column":"center","gap":64,"section_width":"page-width","section_height":"medium","section_height_custom":50,"color_scheme":"scheme-4","background_media":"none","video_position":"cover","background_image_position":"cover","border":"none","border_width":1,"border_opacity":100,"border_radius":0,"toggle_overlay":false,"overlay_color":"#00000026","overlay_style":"solid","gradient_direction":"to top","padding-block-start":28,"padding-block-end":21}},"1764281726eb51c494":{"type":"_blocks","blocks":{"judge_me_reviews_videos_carousel_FcigJC":{"type":"shopify:\/\/apps\/judge-me-reviews\/blocks\/videos_carousel\/61ccd3b1-a9f2-4160-9fe9-4fec8413e5d8","disabled":true,"settings":{"show_sample_reviews":true,"reviews_selection":"all","products":[],"star_rating":"all","review_type":"photo_and_video","max_reviews":8,"show_reviewer_name":true,"stars_size":"small","text_size":"small","arrows_position":"sides","max_width":1000,"corner_styling":"soft","header_text_color":"#000000","card_color":"#7f7f7f","stars_color":"","text_color":"#ffffff","arrows_color":"#000000","show_drop_shadow":false,"show_border":false,"border_color":"#108474","autoplay_media":false,"transition_speed":16,"carousel_style":"highlight","header_text":"Real customer stories","show_average_rating":true}}},"block_order":["judge_me_reviews_videos_carousel_FcigJC"],"settings":{"content_direction":"column","vertical_on_mobile":true,"horizontal_alignment":"flex-start","vertical_alignment":"center","align_baseline":false,"horizontal_alignment_flex_direction_column":"flex-start","vertical_alignment_flex_direction_column":"center","gap":12,"section_width":"page-width","section_height":"","section_height_custom":50,"color_scheme":"","background_media":"none","video_position":"cover","background_image_position":"cover","border":"none","border_width":1,"border_opacity":100,"border_radius":0,"toggle_overlay":false,"overlay_color":"#00000026","overlay_style":"solid","gradient_direction":"to top","padding-block-start":0,"padding-block-end":0}},"176429006222b1764f":{"type":"_blocks","settings":{"content_direction":"column","vertical_on_mobile":true,"horizontal_alignment":"flex-start","vertical_alignment":"center","align_baseline":false,"horizontal_alignment_flex_direction_column":"flex-start","vertical_alignment_flex_direction_column":"center","gap":12,"section_width":"page-width","section_height":"","section_height_custom":50,"color_scheme":"","background_media":"none","video_position":"cover","background_image_position":"cover","border":"none","border_width":1,"border_opacity":100,"border_radius":0,"toggle_overlay":false,"overlay_color":"#00000026","overlay_style":"solid","gradient_direction":"to top","padding-block-start":0,"padding-block-end":0}},"1764291402a979a31e":{"type":"_blocks","settings":{"content_direction":"column","vertical_on_mobile":true,"horizontal_alignment":"flex-start","vertical_alignment":"center","align_baseline":false,"horizontal_alignment_flex_direction_column":"flex-start","vertical_alignment_flex_direction_column":"center","gap":12,"section_width":"page-width","section_height":"","section_height_custom":50,"color_scheme":"","background_media":"none","video_position":"cover","background_image_position":"cover","border":"none","border_width":1,"border_opacity":100,"border_radius":0,"toggle_overlay":false,"overlay_color":"#00000026","overlay_style":"solid","gradient_direction":"to top","padding-block-start":0,"padding-block-end":0}},"1764366247706ee82d":{"type":"_blocks","settings":{"content_direction":"column","vertical_on_mobile":true,"horizontal_alignment":"flex-start","vertical_alignment":"center","align_baseline":false,"horizontal_alignment_flex_direction_column":"flex-start","vertical_alignment_flex_direction_column":"center","gap":12,"section_width":"page-width","section_height":"","section_height_custom":50,"color_scheme":"","background_media":"none","video_position":"cover","background_image_position":"cover","border":"none","border_width":1,"border_opacity":100,"border_radius":0,"toggle_overlay":false,"overlay_color":"#00000026","overlay_style":"solid","gradient_direction":"to top","padding-block-start":0,"padding-block-end":0}},"17643711738cf44cae":{"type":"_blocks","blocks":{"instafeed_app_block_NkrDqH":{"type":"shopify:\/\/apps\/instafeed\/blocks\/app-block\/c447db20-095d-4a10-9725-b5977662c9d5","settings":{"title":"Instagram","title_color":"","title_size_v2":20,"alignment":"left","instafeed_margin_top":0,"instafeed_margin_bottom":0,"instafeed_margin_sides":0,"show_instagram_link":false,"link_alignment":"center","link_color":"#000000","background_color":"","feed_id":"","html_area":""}}},"block_order":["instafeed_app_block_NkrDqH"],"settings":{"content_direction":"column","vertical_on_mobile":true,"horizontal_alignment":"flex-start","vertical_alignment":"center","align_baseline":false,"horizontal_alignment_flex_direction_column":"flex-start","vertical_alignment_flex_direction_column":"center","gap":11,"section_width":"page-width","section_height":"custom","section_height_custom":65,"color_scheme":"","background_media":"none","video_position":"cover","background_image_position":"cover","border":"none","border_width":1,"border_opacity":100,"border_radius":0,"toggle_overlay":false,"overlay_color":"#00000026","overlay_style":"solid","gradient_direction":"to top","padding-block-start":0,"padding-block-end":0}}},"order":["media_with_content_RVymQU","product_list_cVwYHp","section_x8mrnx","1764281726eb51c494","176429006222b1764f","1764291402a979a31e","1764366247706ee82d","17643711738cf44cae"]}