{"sections":{"product_recommendations_qggXJq":{"type":"product-recommendations","blocks":{"text_cbcgyb":{"type":"text","name":"t:names.header","settings":{"text":"<h3>You may also like <\/h3>","width":"100%","max_width":"normal","alignment":"left","type_preset":"custom","font":"var(--font-accent--family)","font_size":"1rem","line_height":"tight","letter_spacing":"normal","case":"none","wrap":"balance","color":"var(--color-foreground)","background":false,"background_color":"#00000026","corner_radius":0,"padding-block-start":0,"padding-block-end":0,"padding-inline-start":0,"padding-inline-end":0},"blocks":{}},"static-product-card":{"type":"_product-card","name":"t:names.product_card","static":true,"settings":{"product_card_gap":8,"inherit_color_scheme":true,"color_scheme":"","border":"none","border_width":1,"border_opacity":100,"border_radius":0,"padding-block-start":0,"padding-block-end":8,"padding-inline-start":0,"padding-inline-end":0},"blocks":{"product_card_gallery_DNizbJ":{"type":"_product-card-gallery","name":"t:names.product_card_media","settings":{"image_ratio":"adapt","border":"solid","border_width":28,"border_opacity":0,"border_radius":0,"padding-block-start":0,"padding-block-end":0,"padding-inline-start":0,"padding-inline-end":0},"blocks":{}},"price_6rrG4b":{"type":"price","name":"t:names.product_price","disabled":true,"settings":{"show_sale_price_first":true,"show_installments":false,"show_tax_info":false,"type_preset":"","width":"fit-content","alignment":"left","font":"var(--font-body--family)","font_size":"1rem","line_height":"normal","letter_spacing":"normal","case":"none","color":"var(--color-primary)","padding-block-start":0,"padding-block-end":0,"padding-inline-start":0,"padding-inline-end":0},"blocks":{}},"product_title_M7MJkb":{"type":"product-title","name":"t:names.product_title","disabled":true,"settings":{"width":"100%","max_width":"normal","alignment":"left","type_preset":"rte","font":"var(--font-body--family)","font_size":"1rem","line_height":"normal","letter_spacing":"normal","case":"none","wrap":"pretty","color":"var(--color-foreground)","background":false,"background_color":"#00000026","corner_radius":0,"padding-block-start":0,"padding-block-end":0,"padding-inline-start":0,"padding-inline-end":0},"blocks":{}},"price_gLWgA6":{"type":"price","settings":{"show_sale_price_first":true,"show_installments":false,"show_tax_info":false,"type_preset":"h6","width":"100%","alignment":"center","font":"var(--font-body--family)","font_size":"1rem","line_height":"normal","letter_spacing":"normal","case":"none","color":"var(--color-foreground)","padding-block-start":0,"padding-block-end":0,"padding-inline-start":0,"padding-inline-end":0},"blocks":{}}},"block_order":["product_card_gallery_DNizbJ","price_6rrG4b","product_title_M7MJkb","price_gLWgA6"]}},"block_order":["text_cbcgyb"],"name":"t:names.product_recommendations","settings":{"product":"{{ closest.product }}","recommendation_type":"related","layout_type":"carousel","carousel_on_mobile":true,"max_products":8,"columns":8,"mobile_columns":"2","columns_gap":0,"rows_gap":0,"icons_style":"arrow","icons_shape":"none","section_width":"page-width","gap":0,"color_scheme":"scheme-1","padding-block-start":0,"padding-block-end":0}},"main":{"type":"product-information","blocks":{"judge_me_reviews_preview_badge_aimVrh":{"type":"shopify:\/\/apps\/judge-me-reviews\/blocks\/preview_badge\/61ccd3b1-a9f2-4160-9fe9-4fec8413e5d8","settings":{}},"media-gallery":{"type":"_product-media-gallery","static":true,"settings":{"media_presentation":"carousel","media_columns":"one","image_gap":4,"large_first_image":false,"icons_style":"arrow","slideshow_controls_style":"counter","slideshow_mobile_controls_style":"dots","thumbnail_position":"right","thumbnail_width":44,"thumbnail_radius":0,"aspect_ratio":"adapt","constrain_to_viewport":true,"media_fit":"contain","media_radius":15,"extend_media":true,"zoom":true,"video_loop":false,"hide_variants":true,"padding-block-start":0,"padding-block-end":0,"padding-inline-start":0,"padding-inline-end":0},"blocks":{}},"product-details":{"type":"_product-details","static":true,"settings":{"width":"fill","custom_width":100,"width_mobile":"fill","custom_width_mobile":100,"height":"fit","details_position":"flex-start","gap":8,"sticky_details_desktop":true,"inherit_color_scheme":true,"color_scheme":"scheme-1","background_media":"none","video_position":"cover","background_image_position":"cover","border":"none","border_width":1,"border_opacity":100,"border_radius":0,"padding-block-start":41,"padding-block-end":30,"padding-inline-start":0,"padding-inline-end":0},"blocks":{"group_icgrde":{"type":"group","name":"Header","settings":{"content_direction":"column","vertical_on_mobile":true,"horizontal_alignment":"flex-start","vertical_alignment":"center","align_baseline":false,"horizontal_alignment_flex_direction_column":"flex-start","vertical_alignment_flex_direction_column":"center","gap":21,"width":"fill","custom_width":100,"width_mobile":"fill","custom_width_mobile":100,"height":"fit","custom_height":100,"inherit_color_scheme":true,"color_scheme":"","background_media":"none","video_position":"cover","background_image_position":"cover","border":"none","border_width":1,"border_opacity":100,"border_radius":0,"toggle_overlay":false,"overlay_color":"#00000026","overlay_style":"solid","gradient_direction":"to top","link":"","open_in_new_tab":false,"placeholder":"","padding-block-start":0,"padding-block-end":0,"padding-inline-start":0,"padding-inline-end":0},"blocks":{"text_xrnftG":{"type":"text","name":"Product title","settings":{"text":"<h1>{{ closest.product.title }}<\/h1>","width":"100%","max_width":"normal","alignment":"left","type_preset":"h4","font":"var(--font-primary--family)","font_size":"","line_height":"normal","letter_spacing":"normal","case":"none","wrap":"pretty","color":"","background":false,"background_color":"#00000026","corner_radius":0,"padding-block-start":0,"padding-block-end":0,"padding-inline-start":0,"padding-inline-end":0},"blocks":{}},"price_tVjtKg":{"type":"price","settings":{"show_sale_price_first":true,"show_installments":false,"show_tax_info":false,"type_preset":"paragraph","width":"100%","alignment":"left","font":"var(--font-body--family)","font_size":"1rem","line_height":"normal","letter_spacing":"normal","case":"none","color":"var(--color-foreground)","padding-block-start":4,"padding-block-end":0,"padding-inline-start":0,"padding-inline-end":0},"blocks":{}}},"block_order":["text_xrnftG","price_tVjtKg"]},"divider_VJhene":{"type":"_divider","name":"t:names.divider","settings":{"thickness":1,"corner_radius":"square","width_percent":100,"padding-block-start":0,"padding-block-end":0},"blocks":{}},"variant_picker_R3rGDr":{"type":"variant-picker","settings":{"variant_style":"dropdowns","show_swatches":true,"alignment":"left","padding-block-start":4,"padding-block-end":14,"padding-inline-start":8,"padding-inline-end":9},"blocks":{}},"buy_buttons_eYQEYi":{"type":"buy-buttons","settings":{"stacking":true,"show_pickup_availability":false,"gift_card_form":true,"padding-block-start":0,"padding-block-end":0,"padding-inline-start":0,"padding-inline-end":0},"blocks":{"quantity":{"type":"quantity","static":true,"settings":{},"blocks":{}},"add-to-cart":{"type":"add-to-cart","static":true,"settings":{"style_class":"button-secondary"},"blocks":{}},"accelerated-checkout":{"type":"accelerated-checkout","disabled":true,"static":true,"settings":{},"blocks":{}}},"block_order":[]},"text_UGybKV":{"type":"text","name":"t:names.text","settings":{"text":"<p>       5% OFF ON 2 OR MORE PIECES  <br\/>       FREE SHIPPING IN CANADA & USA  <br\/>       FREE GIFT ON ORDERS OF 3+ ITEMS<\/p>","width":"100%","max_width":"normal","alignment":"center","type_preset":"custom","font":"var(--font-accent--family)","font_size":"0.75rem","line_height":"normal","letter_spacing":"normal","case":"uppercase","wrap":"nowrap","color":"var(--color-foreground-heading)","background":true,"background_color":"#00000026","corner_radius":50,"padding-block-start":0,"padding-block-end":0,"padding-inline-start":46,"padding-inline-end":13},"blocks":{}},"text_aEtTtq":{"type":"text","name":"Product description","settings":{"text":"<p>{{ closest.product.description }}<\/p>","width":"100%","max_width":"normal","alignment":"left","type_preset":"custom","font":"var(--font-heading--family)","font_size":"0.875rem","line_height":"normal","letter_spacing":"normal","case":"none","wrap":"pretty","color":"","background":false,"background_color":"#00000026","corner_radius":0,"padding-block-start":18,"padding-block-end":0,"padding-inline-start":0,"padding-inline-end":0},"blocks":{}}},"block_order":["group_icgrde","divider_VJhene","variant_picker_R3rGDr","buy_buttons_eYQEYi","text_UGybKV","text_aEtTtq"]}},"block_order":["judge_me_reviews_preview_badge_aimVrh"],"settings":{"content_width":"content-center-aligned","desktop_media_position":"left","equal_columns":false,"limit_details_width":true,"gap":28,"enable_sticky_add_to_cart":true,"color_scheme":"scheme-1","padding-block-start":11,"padding-block-end":4}},"1770518354656d5406":{"type":"_blocks","blocks":{"judge_me_reviews_review_widget_zY8jmM":{"type":"shopify:\/\/apps\/judge-me-reviews\/blocks\/review_widget\/61ccd3b1-a9f2-4160-9fe9-4fec8413e5d8","settings":{"review_data":"sample_data","max_width":1200,"show_shop_reviews":false,"empty_state":"empty_widget"}}},"block_order":["judge_me_reviews_review_widget_zY8jmM"],"settings":{"content_direction":"column","vertical_on_mobile":true,"horizontal_alignment":"flex-start","vertical_alignment":"center","align_baseline":false,"horizontal_alignment_flex_direction_column":"flex-start","vertical_alignment_flex_direction_column":"center","gap":12,"section_width":"page-width","section_height":"","section_height_custom":50,"color_scheme":"","background_media":"none","video_position":"cover","background_image_position":"cover","border":"none","border_width":1,"border_opacity":100,"border_radius":0,"toggle_overlay":false,"overlay_color":"#00000026","overlay_style":"solid","gradient_direction":"to top","padding-block-start":0,"padding-block-end":0}}},"order":["product_recommendations_qggXJq","main","1770518354656d5406"]}