{"sections":{"main":{"type":"product-information","blocks":{"judge_me_reviews_preview_badge_KNqyX6":{"type":"shopify:\/\/apps\/judge-me-reviews\/blocks\/preview_badge\/61ccd3b1-a9f2-4160-9fe9-4fec8413e5d8","settings":{}},"media-gallery":{"type":"_product-media-gallery","static":true,"settings":{"media_presentation":"carousel","media_columns":"two","image_gap":4,"large_first_image":false,"icons_style":"chevron","slideshow_controls_style":"thumbnails","slideshow_mobile_controls_style":"counter","thumbnail_position":"right","thumbnail_width":72,"thumbnail_radius":0,"aspect_ratio":"adapt","constrain_to_viewport":true,"media_fit":"contain","media_radius":6,"extend_media":true,"zoom":true,"video_loop":false,"hide_variants":true,"padding-block-start":0,"padding-block-end":0,"padding-inline-start":0,"padding-inline-end":0},"blocks":{}},"product-details":{"type":"_product-details","static":true,"settings":{"width":"fill","custom_width":100,"width_mobile":"fill","custom_width_mobile":100,"height":"fit","details_position":"flex-start","gap":3,"sticky_details_desktop":true,"inherit_color_scheme":true,"color_scheme":"scheme-1","background_media":"none","video_position":"cover","background_image_position":"cover","border":"none","border_width":1,"border_opacity":100,"border_radius":0,"padding-block-start":14,"padding-block-end":18,"padding-inline-start":0,"padding-inline-end":0},"blocks":{"group_icgrde":{"type":"group","name":"Header","settings":{"content_direction":"column","vertical_on_mobile":true,"horizontal_alignment":"flex-start","vertical_alignment":"center","align_baseline":false,"horizontal_alignment_flex_direction_column":"flex-start","vertical_alignment_flex_direction_column":"center","gap":12,"width":"fill","custom_width":100,"width_mobile":"fill","custom_width_mobile":100,"height":"fit","custom_height":100,"inherit_color_scheme":true,"color_scheme":"","background_media":"none","video_position":"cover","background_image_position":"cover","border":"none","border_width":1,"border_opacity":100,"border_radius":0,"toggle_overlay":false,"overlay_color":"#00000026","overlay_style":"solid","gradient_direction":"to top","link":"","open_in_new_tab":false,"placeholder":"","padding-block-start":0,"padding-block-end":0,"padding-inline-start":0,"padding-inline-end":0},"blocks":{"product_title_W8DJkm":{"type":"product-title","name":"t:names.title","settings":{"width":"fit-content","max_width":"normal","alignment":"left","type_preset":"rte","font":"var(--font-body--family)","font_size":"1rem","line_height":"normal","letter_spacing":"normal","case":"none","wrap":"pretty","color":"var(--color-foreground)","background":false,"background_color":"#00000026","corner_radius":0,"padding-block-start":0,"padding-block-end":0,"padding-inline-start":0,"padding-inline-end":0},"blocks":{}},"price_tVjtKg":{"type":"price","settings":{"show_sale_price_first":true,"show_installments":false,"show_tax_info":false,"type_preset":"custom","width":"100%","alignment":"left","font":"var(--font-accent--family)","font_size":"1rem","line_height":"normal","letter_spacing":"normal","case":"none","color":"var(--color-foreground)","padding-block-start":4,"padding-block-end":0,"padding-inline-start":0,"padding-inline-end":0},"blocks":{}}},"block_order":["product_title_W8DJkm","price_tVjtKg"]},"judge_me_reviews_verified_badge_FtTggR":{"type":"shopify:\/\/apps\/judge-me-reviews\/blocks\/verified_badge\/61ccd3b1-a9f2-4160-9fe9-4fec8413e5d8","settings":{}},"divider_VJhene":{"type":"_divider","name":"t:names.divider","settings":{"thickness":1,"corner_radius":"square","width_percent":100,"padding-block-start":0,"padding-block-end":0},"blocks":{}},"variant_picker_R3rGDr":{"type":"variant-picker","settings":{"variant_style":"buttons","show_swatches":true,"alignment":"center","padding-block-start":0,"padding-block-end":24,"padding-inline-start":0,"padding-inline-end":0},"blocks":{}},"buy_buttons_eYQEYi":{"type":"buy-buttons","settings":{"stacking":true,"show_pickup_availability":false,"gift_card_form":true,"padding-block-start":0,"padding-block-end":0,"padding-inline-start":0,"padding-inline-end":0},"blocks":{"quantity":{"type":"quantity","static":true,"settings":{},"blocks":{}},"add-to-cart":{"type":"add-to-cart","static":true,"settings":{"style_class":"button-secondary"},"blocks":{}},"accelerated-checkout":{"type":"accelerated-checkout","disabled":true,"static":true,"settings":{},"blocks":{}}},"block_order":[]},"text_bVwyBe":{"type":"text","name":"t:names.text","settings":{"text":"<p>       5% OFF ON 2 OR MORE PIECES  <br\/>       FREE SHIPPING IN CANADA & USA  <br\/>       FREE GIFT ON ORDERS OF 3+ ITEMS<br\/><\/p>","width":"100%","max_width":"normal","alignment":"center","type_preset":"custom","font":"var(--font-accent--family)","font_size":"0.75rem","line_height":"normal","letter_spacing":"normal","case":"uppercase","wrap":"nowrap","color":"var(--color-foreground-heading)","background":true,"background_color":"#00000026","corner_radius":50,"padding-block-start":0,"padding-block-end":0,"padding-inline-start":46,"padding-inline-end":13},"blocks":{}},"text_aEtTtq":{"type":"text","name":"Product description","settings":{"text":"{{ closest.product.description }}","width":"100%","max_width":"normal","alignment":"left","type_preset":"custom","font":"var(--font-heading--family)","font_size":"0.875rem","line_height":"normal","letter_spacing":"normal","case":"none","wrap":"pretty","color":"","background":false,"background_color":"#00000026","corner_radius":0,"padding-block-start":30,"padding-block-end":0,"padding-inline-start":0,"padding-inline-end":0},"blocks":{}}},"block_order":["group_icgrde","judge_me_reviews_verified_badge_FtTggR","divider_VJhene","variant_picker_R3rGDr","buy_buttons_eYQEYi","text_bVwyBe","text_aEtTtq"]}},"block_order":["judge_me_reviews_preview_badge_KNqyX6"],"settings":{"content_width":"content-center-aligned","desktop_media_position":"left","equal_columns":false,"limit_details_width":false,"gap":48,"enable_sticky_add_to_cart":true,"color_scheme":"scheme-8e25adae-381a-4ef1-8c5d-175c40e6089d","padding-block-start":33,"padding-block-end":7}},"product_recommendations_qggXJq":{"type":"product-recommendations","blocks":{"text_cbcgyb":{"type":"text","name":"t:names.header","settings":{"text":"<h3><strong>You may also like <\/strong><\/h3>","width":"fit-content","max_width":"normal","alignment":"left","type_preset":"custom","font":"var(--font-accent--family)","font_size":"1.25rem","line_height":"normal","letter_spacing":"tight","case":"none","wrap":"pretty","color":"","background":false,"background_color":"#00000026","corner_radius":0,"padding-block-start":0,"padding-block-end":0,"padding-inline-start":0,"padding-inline-end":0},"blocks":{}},"static-product-card":{"type":"_product-card","name":"t:names.product_card","static":true,"settings":{"product_card_gap":8,"inherit_color_scheme":true,"color_scheme":"","border":"none","border_width":1,"border_opacity":100,"border_radius":0,"padding-block-start":0,"padding-block-end":8,"padding-inline-start":0,"padding-inline-end":0},"blocks":{"product_card_gallery_qHp8AW":{"type":"_product-card-gallery","name":"t:names.product_card_media","settings":{"image_ratio":"square","border":"none","border_width":1,"border_opacity":100,"border_radius":0,"padding-block-start":0,"padding-block-end":0,"padding-inline-start":0,"padding-inline-end":0},"blocks":{}},"product_title_M7MJkb":{"type":"product-title","name":"t:names.product_title","settings":{"width":"100%","max_width":"normal","alignment":"left","type_preset":"rte","font":"var(--font-body--family)","font_size":"1rem","line_height":"normal","letter_spacing":"normal","case":"none","wrap":"pretty","color":"var(--color-foreground)","background":false,"background_color":"#00000026","corner_radius":0,"padding-block-start":4,"padding-block-end":0,"padding-inline-start":0,"padding-inline-end":0},"blocks":{}},"price_gLWgA6":{"type":"price","settings":{"show_sale_price_first":true,"show_installments":false,"show_tax_info":false,"type_preset":"h6","width":"100%","alignment":"left","font":"var(--font-body--family)","font_size":"1rem","line_height":"normal","letter_spacing":"normal","case":"none","color":"var(--color-foreground)","padding-block-start":0,"padding-block-end":0,"padding-inline-start":0,"padding-inline-end":0},"blocks":{}}},"block_order":["product_card_gallery_qHp8AW","product_title_M7MJkb","price_gLWgA6"]}},"block_order":["text_cbcgyb"],"name":"t:names.product_recommendations","settings":{"product":"{{ closest.product }}","recommendation_type":"related","layout_type":"carousel","carousel_on_mobile":true,"max_products":8,"columns":4,"mobile_columns":"2","columns_gap":12,"rows_gap":15,"icons_style":"arrow","icons_shape":"none","section_width":"page-width","gap":22,"color_scheme":"scheme-1","padding-block-start":23,"padding-block-end":26}},"1764280926fc352179":{"type":"_blocks","settings":{"content_direction":"column","vertical_on_mobile":true,"horizontal_alignment":"flex-start","vertical_alignment":"center","align_baseline":false,"horizontal_alignment_flex_direction_column":"flex-start","vertical_alignment_flex_direction_column":"center","gap":12,"section_width":"page-width","section_height":"","section_height_custom":50,"color_scheme":"","background_media":"none","video_position":"cover","background_image_position":"cover","border":"none","border_width":1,"border_opacity":100,"border_radius":0,"toggle_overlay":false,"overlay_color":"#00000026","overlay_style":"solid","gradient_direction":"to top","padding-block-start":0,"padding-block-end":0}},"1764281076fcfb1e2f":{"type":"_blocks","blocks":{"judge_me_reviews_review_widget_Dj8yAR":{"type":"shopify:\/\/apps\/judge-me-reviews\/blocks\/review_widget\/61ccd3b1-a9f2-4160-9fe9-4fec8413e5d8","settings":{"review_data":"sample_data","max_width":450,"show_shop_reviews":false,"empty_state":"empty_widget"}}},"block_order":["judge_me_reviews_review_widget_Dj8yAR"],"settings":{"content_direction":"column","vertical_on_mobile":true,"horizontal_alignment":"flex-start","vertical_alignment":"center","align_baseline":false,"horizontal_alignment_flex_direction_column":"flex-start","vertical_alignment_flex_direction_column":"center","gap":16,"section_width":"page-width","section_height":"","section_height_custom":61,"color_scheme":"","background_media":"none","video_position":"cover","background_image_position":"cover","border":"none","border_width":1,"border_opacity":100,"border_radius":0,"toggle_overlay":false,"overlay_color":"#00000026","overlay_style":"solid","gradient_direction":"to top","padding-block-start":25,"padding-block-end":32}},"176428114330d98ed9":{"type":"_blocks","settings":{"content_direction":"column","vertical_on_mobile":true,"horizontal_alignment":"flex-start","vertical_alignment":"center","align_baseline":false,"horizontal_alignment_flex_direction_column":"flex-start","vertical_alignment_flex_direction_column":"center","gap":12,"section_width":"page-width","section_height":"","section_height_custom":50,"color_scheme":"","background_media":"none","video_position":"cover","background_image_position":"cover","border":"none","border_width":1,"border_opacity":100,"border_radius":0,"toggle_overlay":false,"overlay_color":"#00000026","overlay_style":"solid","gradient_direction":"to top","padding-block-start":0,"padding-block-end":0}},"17642812712e04a032":{"type":"_blocks","settings":{"content_direction":"column","vertical_on_mobile":true,"horizontal_alignment":"flex-start","vertical_alignment":"center","align_baseline":false,"horizontal_alignment_flex_direction_column":"flex-start","vertical_alignment_flex_direction_column":"center","gap":12,"section_width":"page-width","section_height":"","section_height_custom":50,"color_scheme":"","background_media":"none","video_position":"cover","background_image_position":"cover","border":"none","border_width":1,"border_opacity":100,"border_radius":0,"toggle_overlay":false,"overlay_color":"#00000026","overlay_style":"solid","gradient_direction":"to top","padding-block-start":0,"padding-block-end":0}},"176428134960e74979":{"type":"_blocks","settings":{"content_direction":"column","vertical_on_mobile":true,"horizontal_alignment":"flex-start","vertical_alignment":"center","align_baseline":false,"horizontal_alignment_flex_direction_column":"flex-start","vertical_alignment_flex_direction_column":"center","gap":12,"section_width":"page-width","section_height":"","section_height_custom":50,"color_scheme":"","background_media":"none","video_position":"cover","background_image_position":"cover","border":"none","border_width":1,"border_opacity":100,"border_radius":0,"toggle_overlay":false,"overlay_color":"#00000026","overlay_style":"solid","gradient_direction":"to top","padding-block-start":0,"padding-block-end":0}},"176516872068f592b8":{"type":"_blocks","settings":{"content_direction":"column","vertical_on_mobile":true,"horizontal_alignment":"flex-start","vertical_alignment":"center","align_baseline":false,"horizontal_alignment_flex_direction_column":"flex-start","vertical_alignment_flex_direction_column":"center","gap":12,"section_width":"page-width","section_height":"","section_height_custom":50,"color_scheme":"","background_media":"none","video_position":"cover","background_image_position":"cover","border":"none","border_width":1,"border_opacity":100,"border_radius":0,"toggle_overlay":false,"overlay_color":"#00000026","overlay_style":"solid","gradient_direction":"to top","padding-block-start":0,"padding-block-end":0}}},"order":["main","product_recommendations_qggXJq","1764280926fc352179","1764281076fcfb1e2f","176428114330d98ed9","17642812712e04a032","176428134960e74979","176516872068f592b8"]}